folder_path,filename,COO_linkers,cyano_linkers,passed_cif2lammps,passed_lammps,stability
/home/x-sappana/MOFScientist/log/run_2/assembled_mofs,example_MOF_mof-f68f470b.cif,"['O=C(O)c1cc(cc(c1)C(=O)O)C1CC1', 'O=C(O)c1ccc(cc1C(=O)O)SC#N']",['N#CC1=CC=CC(=C1)C2=CC=C(C#N)C=C2'],False,False,
/home/x-sappana/MOFScientist/log/run_2/assembled_mofs,example_MOF_mof-08daf90a.cif,"['O=C(O)c1cc(cc(c1)C(=O)O)C1CC1', 'O=C(O)c1ccc(cc1C(=O)O)C1=CC=NC=C1']",['N#CC1=CC=CC(=C1)C2=CC=C(C#N)C=C2'],False,False,
/home/x-sappana/MOFScientist/log/run_2/assembled_mofs,example_MOF_mof-409dcd7b.cif,"['O=C(O)c1cc(cc(c1)C(=O)O)C1CC1', 'O=C(O)c1cc(cc(c1)C(=O)O)C1CC1']",['N#CC1=CC=CC(=C1)C2=CC=C(C#N)C=C2'],True,False,
/home/x-sappana/MOFScientist/log/run_2/assembled_mofs,example_MOF_mof-d5c49263.cif,"['O=C(O)c1cc(cc(c1)C(=O)O)C1CC1', 'O=C(O)c1ccc(cc1C(=O)O)C1=NN=NN1']",['N#CC1=CC=CC(=C1)C2=CC=C(C#N)C=C2'],False,False,
/home/x-sappana/MOFScientist/log/run_2/assembled_mofs,example_MOF_mof-0c5d14e4.cif,"['O=C(O)c1cc(cc(c1)C(=O)O)C1CC1', 'O=C(O)c1cc(cc(c1)C(=O)O)C1=CC=CC=C1']",['N#CC1=CC=CC(=C1)C2=CC=C(C#N)C=C2'],True,False,
/home/x-sappana/MOFScientist/log/run_2/assembled_mofs,example_MOF_mof-a02e9d18.cif,"['O=C(O)c1cc(cc(c1)C(=O)O)C1CC1', 'O=C(O)c1cc(ccc1C(=O)O)N(=O)=O']",['N#CC1=CC=CC(=C1)C2=CC=C(C#N)C=C2'],False,False,
/home/x-sappana/MOFScientist/log/run_2/assembled_mofs,example_MOF_mof-f4f41ec0.cif,"['O=C(O)c1cc(cc(c1)C(=O)O)C1CC1', 'O=C(O)c1cc(cc(c1)C(=O)O)NC(=O)C']",['N#CC1=CC=CC(=C1)C2=CC=C(C#N)C=C2'],False,False,
/home/x-sappana/MOFScientist/log/run_2/assembled_mofs,example_MOF_mof-7777885a.cif,"['O=C(O)c1cc(cc(c1)C(=O)O)C1CC1', 'O=C(O)c1cc(cc(c1)C(=O)O)C(F)(F)F']",['N#CC1=CC=CC(=C1)C2=CC=C(C#N)C=C2'],True,False,
/home/x-sappana/MOFScientist/log/run_2/assembled_mofs,example_MOF_mof-dd2d01e4.cif,"['O=C(O)c1cc(cc(c1)C(=O)O)C1CC1', 'O=C(O)c1cc(cc(c1)C(=O)O)C#CC#C']",['N#CC1=CC=CC(=C1)C2=CC=C(C#N)C=C2'],False,False,
/home/x-sappana/MOFScientist/log/run_2/assembled_mofs,example_MOF_mof-847a39e9.cif,"['O=C(O)c1cc(cc(c1)C(=O)O)C1CC1', 'O=C(O)c1cc(ccc1C(=O)O)OC']",['N#CC1=CC=CC(=C1)C2=CC=C(C#N)C=C2'],False,False,
/home/x-sappana/MOFScientist/log/run_2/assembled_mofs,example_MOF_mof-3797286a.cif,"['O=C(O)c1cc(cc(c1)C(=O)O)C1CC1', 'O=C(O)c1cc(cc(c1)C(=O)O)C1=NC=CO1']",['N#CC1=CC=CC(=C1)C2=CC=C(C#N)C=C2'],True,False,
/home/x-sappana/MOFScientist/log/run_2/assembled_mofs,example_MOF_mof-3bee897c.cif,"['O=C(O)c1cc(cc(c1)C(=O)O)C1CC1', 'O=C(O)c1ccc(cc1C(=O)O)NC(=S)N']",['N#CC1=CC=CC(=C1)C2=CC=C(C#N)C=C2'],False,False,
/home/x-sappana/MOFScientist/log/run_2/assembled_mofs,example_MOF_mof-f5730946.cif,"['O=C(O)c1cc(cc(c1)C(=O)O)C1=CC=CC=C1', 'O=C(O)c1cc(cc(c1)C(=O)O)C1CC1']",['N#CC1=CC=CC(=C1)C2=CC=C(C#N)C=C2'],True,False,
/home/x-sappana/MOFScientist/log/run_2/assembled_mofs,example_MOF_mof-154bca43.cif,"['O=C(O)c1cc(cc(c1)C(=O)O)C1=CC=CC=C1', 'O=C(O)c1cc(cc(c1)C(=O)O)C1=CC=CC=C1']",['N#CC1=CC=CC(=C1)C2=CC=C(C#N)C=C2'],True,True,0.11620712552827236
/home/x-sappana/MOFScientist/log/run_2/assembled_mofs,example_MOF_mof-4dad451f.cif,"['O=C(O)c1cc(cc(c1)C(=O)O)C1CC1', 'O=C(O)c1cc(cc(c1)C(=O)O)C1CCCCC1']",['N#CC1=CC=CC(=C1)C2=CC=C(C#N)C=C2'],True,False,
/home/x-sappana/MOFScientist/log/run_2/assembled_mofs,example_MOF_mof-9071dd3c.cif,"['O=C(O)c1cc(cc(c1)C(=O)O)C1=CC=CC=C1', 'O=C(O)c1ccc(cc1C(=O)O)C1=NN=NN1']",['N#CC1=CC=CC(=C1)C2=CC=C(C#N)C=C2'],False,False,
/home/x-sappana/MOFScientist/log/run_2/assembled_mofs,example_MOF_mof-0376ad44.cif,"['O=C(O)c1cc(cc(c1)C(=O)O)C1=CC=CC=C1', 'O=C(O)c1ccc(cc1C(=O)O)SC#N']",['N#CC1=CC=CC(=C1)C2=CC=C(C#N)C=C2'],False,False,
/home/x-sappana/MOFScientist/log/run_2/assembled_mofs,example_MOF_mof-0f522a61.cif,"['O=C(O)c1cc(cc(c1)C(=O)O)C1=CC=CC=C1', 'O=C(O)c1ccc(cc1C(=O)O)C1=CC=NC=C1']",['N#CC1=CC=CC(=C1)C2=CC=C(C#N)C=C2'],False,False,
/home/x-sappana/MOFScientist/log/run_2/assembled_mofs,example_MOF_mof-5ae35fee.cif,"['O=C(O)c1cc(cc(c1)C(=O)O)C1=CC=CC=C1', 'O=C(O)c1cc(ccc1C(=O)O)N(=O)=O']",['N#CC1=CC=CC(=C1)C2=CC=C(C#N)C=C2'],False,False,
/home/x-sappana/MOFScientist/log/run_2/assembled_mofs,example_MOF_mof-d4ac42c3.cif,"['O=C(O)c1cc(cc(c1)C(=O)O)C1=CC=CC=C1', 'O=C(O)c1cc(cc(c1)C(=O)O)NC(=O)C']",['N#CC1=CC=CC(=C1)C2=CC=C(C#N)C=C2'],False,False,
/home/x-sappana/MOFScientist/log/run_2/assembled_mofs,example_MOF_mof-debab1d1.cif,"['O=C(O)c1cc(cc(c1)C(=O)O)C1=CC=CC=C1', 'O=C(O)c1cc(cc(c1)C(=O)O)C#CC#C']",['N#CC1=CC=CC(=C1)C2=CC=C(C#N)C=C2'],True,False,
/home/x-sappana/MOFScientist/log/run_2/assembled_mofs,example_MOF_mof-e690a552.cif,"['O=C(O)c1cc(cc(c1)C(=O)O)C1=CC=CC=C1', 'O=C(O)c1cc(ccc1C(=O)O)OC']",['N#CC1=CC=CC(=C1)C2=CC=C(C#N)C=C2'],False,False,
/home/x-sappana/MOFScientist/log/run_2/assembled_mofs,example_MOF_mof-d0043cd9.cif,"['O=C(O)c1cc(cc(c1)C(=O)O)C1=CC=CC=C1', 'O=C(O)c1cc(cc(c1)C(=O)O)C(F)(F)F']",['N#CC1=CC=CC(=C1)C2=CC=C(C#N)C=C2'],True,True,0.12294939181206296
/home/x-sappana/MOFScientist/log/run_2/assembled_mofs,example_MOF_mof-faf4b0ce.cif,"['O=C(O)c1cc(cc(c1)C(=O)O)C1=CC=CC=C1', 'O=C(O)c1cc(cc(c1)C(=O)O)C1=NC=CO1']",['N#CC1=CC=CC(=C1)C2=CC=C(C#N)C=C2'],True,True,0.09854132810250005
/home/x-sappana/MOFScientist/log/run_2/assembled_mofs,example_MOF_mof-768ec1fc.cif,"['O=C(O)c1cc(cc(c1)C(=O)O)C1=CC=CC=C1', 'O=C(O)c1ccc(cc1C(=O)O)NC(=S)N']",['N#CC1=CC=CC(=C1)C2=CC=C(C#N)C=C2'],False,False,
/home/x-sappana/MOFScientist/log/run_2/assembled_mofs,example_MOF_mof-5988e8f5.cif,"['O=C(O)c1ccc(cc1C(=O)O)C1=NN=NN1', 'O=C(O)c1cc(cc(c1)C(=O)O)C1CC1']",['N#CC1=CC=CC(=C1)C2=CC=C(C#N)C=C2'],False,False,
/home/x-sappana/MOFScientist/log/run_2/assembled_mofs,example_MOF_mof-c9d6198a.cif,"['O=C(O)c1ccc(cc1C(=O)O)C1=NN=NN1', 'O=C(O)c1cc(cc(c1)C(=O)O)C1=CC=CC=C1']",['N#CC1=CC=CC(=C1)C2=CC=C(C#N)C=C2'],False,False,
/home/x-sappana/MOFScientist/log/run_2/assembled_mofs,example_MOF_mof-24fb17a6.cif,"['O=C(O)c1ccc(cc1C(=O)O)C1=NN=NN1', 'O=C(O)c1ccc(cc1C(=O)O)C1=NN=NN1']",['N#CC1=CC=CC(=C1)C2=CC=C(C#N)C=C2'],False,False,
/home/x-sappana/MOFScientist/log/run_2/assembled_mofs,example_MOF_mof-e2e85b06.cif,"['O=C(O)c1cc(cc(c1)C(=O)O)C1=CC=CC=C1', 'O=C(O)c1cc(cc(c1)C(=O)O)C1CCCCC1']",['N#CC1=CC=CC(=C1)C2=CC=C(C#N)C=C2'],True,True,0.1286985604923903
/home/x-sappana/MOFScientist/log/run_2/assembled_mofs,example_MOF_mof-bcdacbc1.cif,"['O=C(O)c1ccc(cc1C(=O)O)C1=NN=NN1', 'O=C(O)c1ccc(cc1C(=O)O)C1=CC=NC=C1']",['N#CC1=CC=CC(=C1)C2=CC=C(C#N)C=C2'],False,False,
/home/x-sappana/MOFScientist/log/run_2/assembled_mofs,example_MOF_mof-d8b79e1d.cif,"['O=C(O)c1ccc(cc1C(=O)O)C1=NN=NN1', 'O=C(O)c1ccc(cc1C(=O)O)SC#N']",['N#CC1=CC=CC(=C1)C2=CC=C(C#N)C=C2'],False,False,
/home/x-sappana/MOFScientist/log/run_2/assembled_mofs,example_MOF_mof-1234ef76.cif,"['O=C(O)c1ccc(cc1C(=O)O)C1=NN=NN1', 'O=C(O)c1cc(ccc1C(=O)O)N(=O)=O']",['N#CC1=CC=CC(=C1)C2=CC=C(C#N)C=C2'],False,False,
/home/x-sappana/MOFScientist/log/run_2/assembled_mofs,example_MOF_mof-36aca08d.cif,"['O=C(O)c1ccc(cc1C(=O)O)C1=NN=NN1', 'O=C(O)c1cc(cc(c1)C(=O)O)NC(=O)C']",['N#CC1=CC=CC(=C1)C2=CC=C(C#N)C=C2'],False,False,
/home/x-sappana/MOFScientist/log/run_2/assembled_mofs,example_MOF_mof-a6a4791e.cif,"['O=C(O)c1ccc(cc1C(=O)O)C1=NN=NN1', 'O=C(O)c1cc(cc(c1)C(=O)O)C#CC#C']",['N#CC1=CC=CC(=C1)C2=CC=C(C#N)C=C2'],False,False,
/home/x-sappana/MOFScientist/log/run_2/assembled_mofs,example_MOF_mof-a3830ebe.cif,"['O=C(O)c1ccc(cc1C(=O)O)C1=NN=NN1', 'O=C(O)c1cc(ccc1C(=O)O)OC']",['N#CC1=CC=CC(=C1)C2=CC=C(C#N)C=C2'],False,False,
/home/x-sappana/MOFScientist/log/run_2/assembled_mofs,example_MOF_mof-66b47ca4.cif,"['O=C(O)c1ccc(cc1C(=O)O)C1=NN=NN1', 'O=C(O)c1cc(cc(c1)C(=O)O)C(F)(F)F']",['N#CC1=CC=CC(=C1)C2=CC=C(C#N)C=C2'],False,False,
/home/x-sappana/MOFScientist/log/run_2/assembled_mofs,example_MOF_mof-4e1ea2e6.cif,"['O=C(O)c1ccc(cc1C(=O)O)C1=NN=NN1', 'O=C(O)c1cc(cc(c1)C(=O)O)C1=NC=CO1']",['N#CC1=CC=CC(=C1)C2=CC=C(C#N)C=C2'],False,False,
/home/x-sappana/MOFScientist/log/run_2/assembled_mofs,example_MOF_mof-7ece83ce.cif,"['O=C(O)c1ccc(cc1C(=O)O)C1=NN=NN1', 'O=C(O)c1ccc(cc1C(=O)O)NC(=S)N']",['N#CC1=CC=CC(=C1)C2=CC=C(C#N)C=C2'],False,False,
/home/x-sappana/MOFScientist/log/run_2/assembled_mofs,example_MOF_mof-e4c0069f.cif,"['O=C(O)c1ccc(cc1C(=O)O)C1=NN=NN1', 'O=C(O)c1cc(cc(c1)C(=O)O)C1CCCCC1']",['N#CC1=CC=CC(=C1)C2=CC=C(C#N)C=C2'],False,False,
/home/x-sappana/MOFScientist/log/run_2/assembled_mofs,example_MOF_mof-0533905e.cif,"['O=C(O)c1ccc(cc1C(=O)O)C1=CC=NC=C1', 'O=C(O)c1cc(cc(c1)C(=O)O)C1CC1']",['N#CC1=CC=CC(=C1)C2=CC=C(C#N)C=C2'],False,False,
/home/x-sappana/MOFScientist/log/run_2/assembled_mofs,example_MOF_mof-5eb6a359.cif,"['O=C(O)c1ccc(cc1C(=O)O)C1=CC=NC=C1', 'O=C(O)c1cc(cc(c1)C(=O)O)C1=CC=CC=C1']",['N#CC1=CC=CC(=C1)C2=CC=C(C#N)C=C2'],False,False,
/home/x-sappana/MOFScientist/log/run_2/assembled_mofs,example_MOF_mof-b2fd9362.cif,"['O=C(O)c1ccc(cc1C(=O)O)C1=CC=NC=C1', 'O=C(O)c1ccc(cc1C(=O)O)C1=NN=NN1']",['N#CC1=CC=CC(=C1)C2=CC=C(C#N)C=C2'],False,False,
/home/x-sappana/MOFScientist/log/run_2/assembled_mofs,example_MOF_mof-33a8ff36.cif,"['O=C(O)c1ccc(cc1C(=O)O)C1=CC=NC=C1', 'O=C(O)c1ccc(cc1C(=O)O)C1=CC=NC=C1']",['N#CC1=CC=CC(=C1)C2=CC=C(C#N)C=C2'],False,False,
/home/x-sappana/MOFScientist/log/run_2/assembled_mofs,example_MOF_mof-66ebc81b.cif,"['O=C(O)c1ccc(cc1C(=O)O)C1=CC=NC=C1', 'O=C(O)c1ccc(cc1C(=O)O)SC#N']",['N#CC1=CC=CC(=C1)C2=CC=C(C#N)C=C2'],False,False,
/home/x-sappana/MOFScientist/log/run_2/assembled_mofs,example_MOF_mof-ad098375.cif,"['O=C(O)c1ccc(cc1C(=O)O)C1=CC=NC=C1', 'O=C(O)c1cc(cc(c1)C(=O)O)NC(=O)C']",['N#CC1=CC=CC(=C1)C2=CC=C(C#N)C=C2'],False,False,
/home/x-sappana/MOFScientist/log/run_2/assembled_mofs,example_MOF_mof-91356c90.cif,"['O=C(O)c1ccc(cc1C(=O)O)C1=CC=NC=C1', 'O=C(O)c1cc(ccc1C(=O)O)N(=O)=O']",['N#CC1=CC=CC(=C1)C2=CC=C(C#N)C=C2'],False,False,
/home/x-sappana/MOFScientist/log/run_2/assembled_mofs,example_MOF_mof-f49bed69.cif,"['O=C(O)c1ccc(cc1C(=O)O)C1=CC=NC=C1', 'O=C(O)c1cc(cc(c1)C(=O)O)C#CC#C']",['N#CC1=CC=CC(=C1)C2=CC=C(C#N)C=C2'],False,False,
/home/x-sappana/MOFScientist/log/run_2/assembled_mofs,example_MOF_mof-a291a5e2.cif,"['O=C(O)c1ccc(cc1C(=O)O)C1=CC=NC=C1', 'O=C(O)c1cc(ccc1C(=O)O)OC']",['N#CC1=CC=CC(=C1)C2=CC=C(C#N)C=C2'],False,False,
/home/x-sappana/MOFScientist/log/run_2/assembled_mofs,example_MOF_mof-ccc6ae42.cif,"['O=C(O)c1ccc(cc1C(=O)O)C1=CC=NC=C1', 'O=C(O)c1cc(cc(c1)C(=O)O)C(F)(F)F']",['N#CC1=CC=CC(=C1)C2=CC=C(C#N)C=C2'],False,False,
/home/x-sappana/MOFScientist/log/run_2/assembled_mofs,example_MOF_mof-f1041b0e.cif,"['O=C(O)c1ccc(cc1C(=O)O)C1=CC=NC=C1', 'O=C(O)c1cc(cc(c1)C(=O)O)C1=NC=CO1']",['N#CC1=CC=CC(=C1)C2=CC=C(C#N)C=C2'],False,False,
/home/x-sappana/MOFScientist/log/run_2/assembled_mofs,example_MOF_mof-cbff3000.cif,"['O=C(O)c1ccc(cc1C(=O)O)C1=CC=NC=C1', 'O=C(O)c1ccc(cc1C(=O)O)NC(=S)N']",['N#CC1=CC=CC(=C1)C2=CC=C(C#N)C=C2'],False,False,
/home/x-sappana/MOFScientist/log/run_2/assembled_mofs,example_MOF_mof-a3129b77.cif,"['O=C(O)c1ccc(cc1C(=O)O)SC#N', 'O=C(O)c1cc(cc(c1)C(=O)O)C1CC1']",['N#CC1=CC=CC(=C1)C2=CC=C(C#N)C=C2'],False,False,
/home/x-sappana/MOFScientist/log/run_2/assembled_mofs,example_MOF_mof-b0a5af60.cif,"['O=C(O)c1ccc(cc1C(=O)O)SC#N', 'O=C(O)c1cc(cc(c1)C(=O)O)C1=CC=CC=C1']",['N#CC1=CC=CC(=C1)C2=CC=C(C#N)C=C2'],False,False,
/home/x-sappana/MOFScientist/log/run_2/assembled_mofs,example_MOF_mof-b032574d.cif,"['O=C(O)c1ccc(cc1C(=O)O)C1=CC=NC=C1', 'O=C(O)c1cc(cc(c1)C(=O)O)C1CCCCC1']",['N#CC1=CC=CC(=C1)C2=CC=C(C#N)C=C2'],False,False,
/home/x-sappana/MOFScientist/log/run_2/assembled_mofs,example_MOF_mof-cbcb6dc6.cif,"['O=C(O)c1ccc(cc1C(=O)O)SC#N', 'O=C(O)c1ccc(cc1C(=O)O)C1=NN=NN1']",['N#CC1=CC=CC(=C1)C2=CC=C(C#N)C=C2'],False,False,
/home/x-sappana/MOFScientist/log/run_2/assembled_mofs,example_MOF_mof-6ee45aa6.cif,"['O=C(O)c1ccc(cc1C(=O)O)SC#N', 'O=C(O)c1ccc(cc1C(=O)O)C1=CC=NC=C1']",['N#CC1=CC=CC(=C1)C2=CC=C(C#N)C=C2'],False,False,
/home/x-sappana/MOFScientist/log/run_2/assembled_mofs,example_MOF_mof-bd070d05.cif,"['O=C(O)c1ccc(cc1C(=O)O)SC#N', 'O=C(O)c1ccc(cc1C(=O)O)SC#N']",['N#CC1=CC=CC(=C1)C2=CC=C(C#N)C=C2'],False,False,
/home/x-sappana/MOFScientist/log/run_2/assembled_mofs,example_MOF_mof-71b495c6.cif,"['O=C(O)c1ccc(cc1C(=O)O)SC#N', 'O=C(O)c1cc(cc(c1)C(=O)O)NC(=O)C']",['N#CC1=CC=CC(=C1)C2=CC=C(C#N)C=C2'],False,False,
/home/x-sappana/MOFScientist/log/run_2/assembled_mofs,example_MOF_mof-d8dc2df7.cif,"['O=C(O)c1ccc(cc1C(=O)O)SC#N', 'O=C(O)c1cc(ccc1C(=O)O)N(=O)=O']",['N#CC1=CC=CC(=C1)C2=CC=C(C#N)C=C2'],False,False,
/home/x-sappana/MOFScientist/log/run_2/assembled_mofs,example_MOF_mof-30d3987b.cif,"['O=C(O)c1ccc(cc1C(=O)O)SC#N', 'O=C(O)c1cc(cc(c1)C(=O)O)C#CC#C']",['N#CC1=CC=CC(=C1)C2=CC=C(C#N)C=C2'],False,False,
/home/x-sappana/MOFScientist/log/run_2/assembled_mofs,example_MOF_mof-4ceee026.cif,"['O=C(O)c1ccc(cc1C(=O)O)SC#N', 'O=C(O)c1cc(cc(c1)C(=O)O)C(F)(F)F']",['N#CC1=CC=CC(=C1)C2=CC=C(C#N)C=C2'],False,False,
/home/x-sappana/MOFScientist/log/run_2/assembled_mofs,example_MOF_mof-56f407e0.cif,"['O=C(O)c1ccc(cc1C(=O)O)SC#N', 'O=C(O)c1cc(ccc1C(=O)O)OC']",['N#CC1=CC=CC(=C1)C2=CC=C(C#N)C=C2'],False,False,
/home/x-sappana/MOFScientist/log/run_2/assembled_mofs,example_MOF_mof-ff7d7fd8.cif,"['O=C(O)c1ccc(cc1C(=O)O)SC#N', 'O=C(O)c1cc(cc(c1)C(=O)O)C1=NC=CO1']",['N#CC1=CC=CC(=C1)C2=CC=C(C#N)C=C2'],False,False,
/home/x-sappana/MOFScientist/log/run_2/assembled_mofs,example_MOF_mof-a573f6bf.cif,"['O=C(O)c1ccc(cc1C(=O)O)SC#N', 'O=C(O)c1ccc(cc1C(=O)O)NC(=S)N']",['N#CC1=CC=CC(=C1)C2=CC=C(C#N)C=C2'],False,False,
/home/x-sappana/MOFScientist/log/run_2/assembled_mofs,example_MOF_mof-49a1cfa9.cif,"['O=C(O)c1ccc(cc1C(=O)O)SC#N', 'O=C(O)c1cc(cc(c1)C(=O)O)C1CCCCC1']",['N#CC1=CC=CC(=C1)C2=CC=C(C#N)C=C2'],False,False,
/home/x-sappana/MOFScientist/log/run_2/assembled_mofs,example_MOF_mof-517fd94c.cif,"['O=C(O)c1cc(cc(c1)C(=O)O)NC(=O)C', 'O=C(O)c1cc(cc(c1)C(=O)O)C1CC1']",['N#CC1=CC=CC(=C1)C2=CC=C(C#N)C=C2'],True,False,
/home/x-sappana/MOFScientist/log/run_2/assembled_mofs,example_MOF_mof-0b3e30d1.cif,"['O=C(O)c1cc(cc(c1)C(=O)O)NC(=O)C', 'O=C(O)c1cc(cc(c1)C(=O)O)C1=CC=CC=C1']",['N#CC1=CC=CC(=C1)C2=CC=C(C#N)C=C2'],True,True,0.10521692090123805
/home/x-sappana/MOFScientist/log/run_2/assembled_mofs,example_MOF_mof-1eda72b2.cif,"['O=C(O)c1cc(cc(c1)C(=O)O)NC(=O)C', 'O=C(O)c1ccc(cc1C(=O)O)C1=NN=NN1']",['N#CC1=CC=CC(=C1)C2=CC=C(C#N)C=C2'],False,False,
/home/x-sappana/MOFScientist/log/run_2/assembled_mofs,example_MOF_mof-07d77cad.cif,"['O=C(O)c1cc(cc(c1)C(=O)O)NC(=O)C', 'O=C(O)c1ccc(cc1C(=O)O)C1=CC=NC=C1']",['N#CC1=CC=CC(=C1)C2=CC=C(C#N)C=C2'],False,False,
/home/x-sappana/MOFScientist/log/run_2/assembled_mofs,example_MOF_mof-67c9990a.cif,"['O=C(O)c1cc(cc(c1)C(=O)O)NC(=O)C', 'O=C(O)c1ccc(cc1C(=O)O)SC#N']",['N#CC1=CC=CC(=C1)C2=CC=C(C#N)C=C2'],False,False,
/home/x-sappana/MOFScientist/log/run_2/assembled_mofs,example_MOF_mof-ca044939.cif,"['O=C(O)c1cc(cc(c1)C(=O)O)NC(=O)C', 'O=C(O)c1cc(cc(c1)C(=O)O)NC(=O)C']",['N#CC1=CC=CC(=C1)C2=CC=C(C#N)C=C2'],False,False,
/home/x-sappana/MOFScientist/log/run_2/assembled_mofs,example_MOF_mof-4b9988c4.cif,"['O=C(O)c1cc(cc(c1)C(=O)O)NC(=O)C', 'O=C(O)c1cc(ccc1C(=O)O)N(=O)=O']",['N#CC1=CC=CC(=C1)C2=CC=C(C#N)C=C2'],False,False,
/home/x-sappana/MOFScientist/log/run_2/assembled_mofs,example_MOF_mof-74ba0d6e.cif,"['O=C(O)c1cc(cc(c1)C(=O)O)NC(=O)C', 'O=C(O)c1cc(cc(c1)C(=O)O)C#CC#C']",['N#CC1=CC=CC(=C1)C2=CC=C(C#N)C=C2'],True,True,0.12910258667311883
/home/x-sappana/MOFScientist/log/run_2/assembled_mofs,example_MOF_mof-bacd03bb.cif,"['O=C(O)c1cc(cc(c1)C(=O)O)NC(=O)C', 'O=C(O)c1cc(ccc1C(=O)O)OC']",['N#CC1=CC=CC(=C1)C2=CC=C(C#N)C=C2'],False,False,
/home/x-sappana/MOFScientist/log/run_2/assembled_mofs,example_MOF_mof-9d21d656.cif,"['O=C(O)c1cc(cc(c1)C(=O)O)NC(=O)C', 'O=C(O)c1cc(cc(c1)C(=O)O)C(F)(F)F']",['N#CC1=CC=CC(=C1)C2=CC=C(C#N)C=C2'],True,True,0.14698382658590498
/home/x-sappana/MOFScientist/log/run_2/assembled_mofs,example_MOF_mof-960d9ae5.cif,"['O=C(O)c1cc(cc(c1)C(=O)O)NC(=O)C', 'O=C(O)c1cc(cc(c1)C(=O)O)C1=NC=CO1']",['N#CC1=CC=CC(=C1)C2=CC=C(C#N)C=C2'],True,True,0.1129258526435454
/home/x-sappana/MOFScientist/log/run_2/assembled_mofs,example_MOF_mof-50702b44.cif,"['O=C(O)c1cc(cc(c1)C(=O)O)NC(=O)C', 'O=C(O)c1ccc(cc1C(=O)O)NC(=S)N']",['N#CC1=CC=CC(=C1)C2=CC=C(C#N)C=C2'],False,False,
/home/x-sappana/MOFScientist/log/run_2/assembled_mofs,example_MOF_mof-93e50c33.cif,"['O=C(O)c1cc(ccc1C(=O)O)N(=O)=O', 'O=C(O)c1cc(cc(c1)C(=O)O)C1CC1']",['N#CC1=CC=CC(=C1)C2=CC=C(C#N)C=C2'],False,False,
/home/x-sappana/MOFScientist/log/run_2/assembled_mofs,example_MOF_mof-84f479db.cif,"['O=C(O)c1cc(cc(c1)C(=O)O)NC(=O)C', 'O=C(O)c1cc(cc(c1)C(=O)O)C1CCCCC1']",['N#CC1=CC=CC(=C1)C2=CC=C(C#N)C=C2'],False,False,
/home/x-sappana/MOFScientist/log/run_2/assembled_mofs,example_MOF_mof-ac3dba15.cif,"['O=C(O)c1cc(ccc1C(=O)O)N(=O)=O', 'O=C(O)c1cc(cc(c1)C(=O)O)C1=CC=CC=C1']",['N#CC1=CC=CC(=C1)C2=CC=C(C#N)C=C2'],False,False,
/home/x-sappana/MOFScientist/log/run_2/assembled_mofs,example_MOF_mof-728432c2.cif,"['O=C(O)c1cc(ccc1C(=O)O)N(=O)=O', 'O=C(O)c1ccc(cc1C(=O)O)C1=NN=NN1']",['N#CC1=CC=CC(=C1)C2=CC=C(C#N)C=C2'],False,False,
/home/x-sappana/MOFScientist/log/run_2/assembled_mofs,example_MOF_mof-11819273.cif,"['O=C(O)c1cc(ccc1C(=O)O)N(=O)=O', 'O=C(O)c1ccc(cc1C(=O)O)C1=CC=NC=C1']",['N#CC1=CC=CC(=C1)C2=CC=C(C#N)C=C2'],False,False,
/home/x-sappana/MOFScientist/log/run_2/assembled_mofs,example_MOF_mof-42846dd6.cif,"['O=C(O)c1cc(ccc1C(=O)O)N(=O)=O', 'O=C(O)c1ccc(cc1C(=O)O)SC#N']",['N#CC1=CC=CC(=C1)C2=CC=C(C#N)C=C2'],False,False,
/home/x-sappana/MOFScientist/log/run_2/assembled_mofs,example_MOF_mof-4b1f007d.cif,"['O=C(O)c1cc(ccc1C(=O)O)N(=O)=O', 'O=C(O)c1cc(cc(c1)C(=O)O)NC(=O)C']",['N#CC1=CC=CC(=C1)C2=CC=C(C#N)C=C2'],False,False,
/home/x-sappana/MOFScientist/log/run_2/assembled_mofs,example_MOF_mof-8dd80afe.cif,"['O=C(O)c1cc(ccc1C(=O)O)N(=O)=O', 'O=C(O)c1cc(ccc1C(=O)O)N(=O)=O']",['N#CC1=CC=CC(=C1)C2=CC=C(C#N)C=C2'],False,False,
/home/x-sappana/MOFScientist/log/run_2/assembled_mofs,example_MOF_mof-11c6c085.cif,"['O=C(O)c1cc(ccc1C(=O)O)N(=O)=O', 'O=C(O)c1cc(cc(c1)C(=O)O)C#CC#C']",['N#CC1=CC=CC(=C1)C2=CC=C(C#N)C=C2'],False,False,
/home/x-sappana/MOFScientist/log/run_2/assembled_mofs,example_MOF_mof-0c8ddb26.cif,"['O=C(O)c1cc(ccc1C(=O)O)N(=O)=O', 'O=C(O)c1cc(ccc1C(=O)O)OC']",['N#CC1=CC=CC(=C1)C2=CC=C(C#N)C=C2'],False,False,
/home/x-sappana/MOFScientist/log/run_2/assembled_mofs,example_MOF_mof-fe268ee6.cif,"['O=C(O)c1cc(ccc1C(=O)O)N(=O)=O', 'O=C(O)c1cc(cc(c1)C(=O)O)C(F)(F)F']",['N#CC1=CC=CC(=C1)C2=CC=C(C#N)C=C2'],False,False,
/home/x-sappana/MOFScientist/log/run_2/assembled_mofs,example_MOF_mof-f5ddd7bd.cif,"['O=C(O)c1cc(ccc1C(=O)O)N(=O)=O', 'O=C(O)c1cc(cc(c1)C(=O)O)C1=NC=CO1']",['N#CC1=CC=CC(=C1)C2=CC=C(C#N)C=C2'],False,False,
/home/x-sappana/MOFScientist/log/run_2/assembled_mofs,example_MOF_mof-eb705fb1.cif,"['O=C(O)c1cc(ccc1C(=O)O)N(=O)=O', 'O=C(O)c1ccc(cc1C(=O)O)NC(=S)N']",['N#CC1=CC=CC(=C1)C2=CC=C(C#N)C=C2'],False,False,
/home/x-sappana/MOFScientist/log/run_2/assembled_mofs,example_MOF_mof-c7e8eefe.cif,"['O=C(O)c1cc(ccc1C(=O)O)N(=O)=O', 'O=C(O)c1cc(cc(c1)C(=O)O)C1CCCCC1']",['N#CC1=CC=CC(=C1)C2=CC=C(C#N)C=C2'],False,False,
/home/x-sappana/MOFScientist/log/run_2/assembled_mofs,example_MOF_mof-979e2bd5.cif,"['O=C(O)c1cc(cc(c1)C(=O)O)C#CC#C', 'O=C(O)c1cc(cc(c1)C(=O)O)C1CC1']",['N#CC1=CC=CC(=C1)C2=CC=C(C#N)C=C2'],True,False,
/home/x-sappana/MOFScientist/log/run_2/assembled_mofs,example_MOF_mof-d7963d75.cif,"['O=C(O)c1cc(cc(c1)C(=O)O)C#CC#C', 'O=C(O)c1cc(cc(c1)C(=O)O)C1=CC=CC=C1']",['N#CC1=CC=CC(=C1)C2=CC=C(C#N)C=C2'],True,True,0.12042759045640142
/home/x-sappana/MOFScientist/log/run_2/assembled_mofs,example_MOF_mof-4c69e408.cif,"['O=C(O)c1cc(cc(c1)C(=O)O)C#CC#C', 'O=C(O)c1ccc(cc1C(=O)O)C1=NN=NN1']",['N#CC1=CC=CC(=C1)C2=CC=C(C#N)C=C2'],False,False,
/home/x-sappana/MOFScientist/log/run_2/assembled_mofs,example_MOF_mof-ff9b753c.cif,"['O=C(O)c1cc(cc(c1)C(=O)O)C#CC#C', 'O=C(O)c1ccc(cc1C(=O)O)C1=CC=NC=C1']",['N#CC1=CC=CC(=C1)C2=CC=C(C#N)C=C2'],False,False,
/home/x-sappana/MOFScientist/log/run_2/assembled_mofs,example_MOF_mof-11bdd768.cif,"['O=C(O)c1cc(cc(c1)C(=O)O)C#CC#C', 'O=C(O)c1ccc(cc1C(=O)O)SC#N']",['N#CC1=CC=CC(=C1)C2=CC=C(C#N)C=C2'],False,False,
/home/x-sappana/MOFScientist/log/run_2/assembled_mofs,example_MOF_mof-b44a6eb2.cif,"['O=C(O)c1cc(cc(c1)C(=O)O)C#CC#C', 'O=C(O)c1cc(cc(c1)C(=O)O)NC(=O)C']",['N#CC1=CC=CC(=C1)C2=CC=C(C#N)C=C2'],False,False,
/home/x-sappana/MOFScientist/log/run_2/assembled_mofs,example_MOF_mof-8019f08c.cif,"['O=C(O)c1cc(cc(c1)C(=O)O)C#CC#C', 'O=C(O)c1cc(ccc1C(=O)O)N(=O)=O']",['N#CC1=CC=CC(=C1)C2=CC=C(C#N)C=C2'],False,False,
/home/x-sappana/MOFScientist/log/run_2/assembled_mofs,example_MOF_mof-2d805318.cif,"['O=C(O)c1cc(cc(c1)C(=O)O)C#CC#C', 'O=C(O)c1cc(cc(c1)C(=O)O)C#CC#C']",['N#CC1=CC=CC(=C1)C2=CC=C(C#N)C=C2'],True,True,0.14920770530258917
/home/x-sappana/MOFScientist/log/run_2/assembled_mofs,example_MOF_mof-6cbf3e4e.cif,"['O=C(O)c1cc(cc(c1)C(=O)O)C#CC#C', 'O=C(O)c1cc(ccc1C(=O)O)OC']",['N#CC1=CC=CC(=C1)C2=CC=C(C#N)C=C2'],False,False,
/home/x-sappana/MOFScientist/log/run_2/assembled_mofs,example_MOF_mof-f325df90.cif,"['O=C(O)c1cc(cc(c1)C(=O)O)C#CC#C', 'O=C(O)c1cc(cc(c1)C(=O)O)C(F)(F)F']",['N#CC1=CC=CC(=C1)C2=CC=C(C#N)C=C2'],True,True,0.17617038370451893
/home/x-sappana/MOFScientist/log/run_2/assembled_mofs,example_MOF_mof-b372ea5e.cif,"['O=C(O)c1cc(cc(c1)C(=O)O)C#CC#C', 'O=C(O)c1cc(cc(c1)C(=O)O)C1=NC=CO1']",['N#CC1=CC=CC(=C1)C2=CC=C(C#N)C=C2'],True,True,0.10690668471198597
/home/x-sappana/MOFScientist/log/run_2/assembled_mofs,example_MOF_mof-026b24df.cif,"['O=C(O)c1cc(cc(c1)C(=O)O)C#CC#C', 'O=C(O)c1ccc(cc1C(=O)O)NC(=S)N']",['N#CC1=CC=CC(=C1)C2=CC=C(C#N)C=C2'],False,False,
/home/x-sappana/MOFScientist/log/run_2/assembled_mofs,example_MOF_mof-b3a08e3b.cif,"['O=C(O)c1cc(ccc1C(=O)O)OC', 'O=C(O)c1cc(cc(c1)C(=O)O)C1CC1']",['N#CC1=CC=CC(=C1)C2=CC=C(C#N)C=C2'],False,False,
/home/x-sappana/MOFScientist/log/run_2/assembled_mofs,example_MOF_mof-26d3fb3f.cif,"['O=C(O)c1cc(cc(c1)C(=O)O)C#CC#C', 'O=C(O)c1cc(cc(c1)C(=O)O)C1CCCCC1']",['N#CC1=CC=CC(=C1)C2=CC=C(C#N)C=C2'],True,True,0.15708519075560415
/home/x-sappana/MOFScientist/log/run_2/assembled_mofs,example_MOF_mof-ead2b769.cif,"['O=C(O)c1cc(ccc1C(=O)O)OC', 'O=C(O)c1cc(cc(c1)C(=O)O)C1=CC=CC=C1']",['N#CC1=CC=CC(=C1)C2=CC=C(C#N)C=C2'],False,False,
/home/x-sappana/MOFScientist/log/run_2/assembled_mofs,example_MOF_mof-35751c73.cif,"['O=C(O)c1cc(ccc1C(=O)O)OC', 'O=C(O)c1ccc(cc1C(=O)O)C1=NN=NN1']",['N#CC1=CC=CC(=C1)C2=CC=C(C#N)C=C2'],False,False,
/home/x-sappana/MOFScientist/log/run_2/assembled_mofs,example_MOF_mof-83a34ace.cif,"['O=C(O)c1cc(ccc1C(=O)O)OC', 'O=C(O)c1ccc(cc1C(=O)O)C1=CC=NC=C1']",['N#CC1=CC=CC(=C1)C2=CC=C(C#N)C=C2'],False,False,
/home/x-sappana/MOFScientist/log/run_2/assembled_mofs,example_MOF_mof-be0f6b18.cif,"['O=C(O)c1cc(ccc1C(=O)O)OC', 'O=C(O)c1ccc(cc1C(=O)O)SC#N']",['N#CC1=CC=CC(=C1)C2=CC=C(C#N)C=C2'],False,False,
/home/x-sappana/MOFScientist/log/run_2/assembled_mofs,example_MOF_mof-b4c74435.cif,"['O=C(O)c1cc(ccc1C(=O)O)OC', 'O=C(O)c1cc(cc(c1)C(=O)O)NC(=O)C']",['N#CC1=CC=CC(=C1)C2=CC=C(C#N)C=C2'],False,False,
/home/x-sappana/MOFScientist/log/run_2/assembled_mofs,example_MOF_mof-129188d5.cif,"['O=C(O)c1cc(ccc1C(=O)O)OC', 'O=C(O)c1cc(ccc1C(=O)O)N(=O)=O']",['N#CC1=CC=CC(=C1)C2=CC=C(C#N)C=C2'],False,False,
/home/x-sappana/MOFScientist/log/run_2/assembled_mofs,example_MOF_mof-d55b25e0.cif,"['O=C(O)c1cc(ccc1C(=O)O)OC', 'O=C(O)c1cc(cc(c1)C(=O)O)C#CC#C']",['N#CC1=CC=CC(=C1)C2=CC=C(C#N)C=C2'],False,False,
/home/x-sappana/MOFScientist/log/run_2/assembled_mofs,example_MOF_mof-e1f63d4b.cif,"['O=C(O)c1cc(ccc1C(=O)O)OC', 'O=C(O)c1cc(ccc1C(=O)O)OC']",['N#CC1=CC=CC(=C1)C2=CC=C(C#N)C=C2'],False,False,
/home/x-sappana/MOFScientist/log/run_2/assembled_mofs,example_MOF_mof-c4e5d6a5.cif,"['O=C(O)c1cc(ccc1C(=O)O)OC', 'O=C(O)c1cc(cc(c1)C(=O)O)C(F)(F)F']",['N#CC1=CC=CC(=C1)C2=CC=C(C#N)C=C2'],False,False,
/home/x-sappana/MOFScientist/log/run_2/assembled_mofs,example_MOF_mof-ef871b76.cif,"['O=C(O)c1cc(ccc1C(=O)O)OC', 'O=C(O)c1cc(cc(c1)C(=O)O)C1=NC=CO1']",['N#CC1=CC=CC(=C1)C2=CC=C(C#N)C=C2'],False,False,
/home/x-sappana/MOFScientist/log/run_2/assembled_mofs,example_MOF_mof-c9fc6cfe.cif,"['O=C(O)c1cc(ccc1C(=O)O)OC', 'O=C(O)c1ccc(cc1C(=O)O)NC(=S)N']",['N#CC1=CC=CC(=C1)C2=CC=C(C#N)C=C2'],False,False,
/home/x-sappana/MOFScientist/log/run_2/assembled_mofs,example_MOF_mof-de9c47ce.cif,"['O=C(O)c1cc(ccc1C(=O)O)OC', 'O=C(O)c1cc(cc(c1)C(=O)O)C1CCCCC1']",['N#CC1=CC=CC(=C1)C2=CC=C(C#N)C=C2'],False,False,
/home/x-sappana/MOFScientist/log/run_2/assembled_mofs,example_MOF_mof-6594b536.cif,"['O=C(O)c1cc(cc(c1)C(=O)O)C(F)(F)F', 'O=C(O)c1cc(cc(c1)C(=O)O)C1CC1']",['N#CC1=CC=CC(=C1)C2=CC=C(C#N)C=C2'],True,False,
/home/x-sappana/MOFScientist/log/run_2/assembled_mofs,example_MOF_mof-1f7058da.cif,"['O=C(O)c1cc(cc(c1)C(=O)O)C(F)(F)F', 'O=C(O)c1cc(cc(c1)C(=O)O)C1=CC=CC=C1']",['N#CC1=CC=CC(=C1)C2=CC=C(C#N)C=C2'],True,True,0.15621946009386342
/home/x-sappana/MOFScientist/log/run_2/assembled_mofs,example_MOF_mof-69395979.cif,"['O=C(O)c1cc(cc(c1)C(=O)O)C(F)(F)F', 'O=C(O)c1ccc(cc1C(=O)O)C1=NN=NN1']",['N#CC1=CC=CC(=C1)C2=CC=C(C#N)C=C2'],False,False,
/home/x-sappana/MOFScientist/log/run_2/assembled_mofs,example_MOF_mof-0f927632.cif,"['O=C(O)c1cc(cc(c1)C(=O)O)C(F)(F)F', 'O=C(O)c1ccc(cc1C(=O)O)C1=CC=NC=C1']",['N#CC1=CC=CC(=C1)C2=CC=C(C#N)C=C2'],False,False,
/home/x-sappana/MOFScientist/log/run_2/assembled_mofs,example_MOF_mof-51d60bba.cif,"['O=C(O)c1cc(cc(c1)C(=O)O)C(F)(F)F', 'O=C(O)c1ccc(cc1C(=O)O)SC#N']",['N#CC1=CC=CC(=C1)C2=CC=C(C#N)C=C2'],False,False,
/home/x-sappana/MOFScientist/log/run_2/assembled_mofs,example_MOF_mof-82ee3941.cif,"['O=C(O)c1cc(cc(c1)C(=O)O)C(F)(F)F', 'O=C(O)c1cc(cc(c1)C(=O)O)NC(=O)C']",['N#CC1=CC=CC(=C1)C2=CC=C(C#N)C=C2'],False,False,
/home/x-sappana/MOFScientist/log/run_2/assembled_mofs,example_MOF_mof-d02b6919.cif,"['O=C(O)c1cc(cc(c1)C(=O)O)C(F)(F)F', 'O=C(O)c1cc(ccc1C(=O)O)N(=O)=O']",['N#CC1=CC=CC(=C1)C2=CC=C(C#N)C=C2'],False,False,
/home/x-sappana/MOFScientist/log/run_2/assembled_mofs,example_MOF_mof-23bf5ff7.cif,"['O=C(O)c1cc(cc(c1)C(=O)O)C(F)(F)F', 'O=C(O)c1cc(cc(c1)C(=O)O)C#CC#C']",['N#CC1=CC=CC(=C1)C2=CC=C(C#N)C=C2'],True,True,0.1475737214594457
/home/x-sappana/MOFScientist/log/run_2/assembled_mofs,example_MOF_mof-5f12b0fd.cif,"['O=C(O)c1cc(cc(c1)C(=O)O)C(F)(F)F', 'O=C(O)c1cc(ccc1C(=O)O)OC']",['N#CC1=CC=CC(=C1)C2=CC=C(C#N)C=C2'],False,False,
/home/x-sappana/MOFScientist/log/run_2/assembled_mofs,example_MOF_mof-35045160.cif,"['O=C(O)c1cc(cc(c1)C(=O)O)C(F)(F)F', 'O=C(O)c1cc(cc(c1)C(=O)O)C(F)(F)F']",['N#CC1=CC=CC(=C1)C2=CC=C(C#N)C=C2'],True,True,0.16850545400879302
/home/x-sappana/MOFScientist/log/run_2/assembled_mofs,example_MOF_mof-fb4fc878.cif,"['O=C(O)c1cc(cc(c1)C(=O)O)C(F)(F)F', 'O=C(O)c1ccc(cc1C(=O)O)NC(=S)N']",['N#CC1=CC=CC(=C1)C2=CC=C(C#N)C=C2'],False,False,
/home/x-sappana/MOFScientist/log/run_2/assembled_mofs,example_MOF_mof-ae8d56e8.cif,"['O=C(O)c1cc(cc(c1)C(=O)O)C(F)(F)F', 'O=C(O)c1cc(cc(c1)C(=O)O)C1=NC=CO1']",['N#CC1=CC=CC(=C1)C2=CC=C(C#N)C=C2'],True,True,0.16027906309679915
/home/x-sappana/MOFScientist/log/run_2/assembled_mofs,example_MOF_mof-da229ab6.cif,"['O=C(O)c1cc(cc(c1)C(=O)O)C(F)(F)F', 'O=C(O)c1cc(cc(c1)C(=O)O)C1CCCCC1']",['N#CC1=CC=CC(=C1)C2=CC=C(C#N)C=C2'],True,True,0.13874450363501906
/home/x-sappana/MOFScientist/log/run_2/assembled_mofs,example_MOF_mof-53092711.cif,"['O=C(O)c1cc(cc(c1)C(=O)O)C1=NC=CO1', 'O=C(O)c1cc(cc(c1)C(=O)O)C1CC1']",['N#CC1=CC=CC(=C1)C2=CC=C(C#N)C=C2'],True,False,
/home/x-sappana/MOFScientist/log/run_2/assembled_mofs,example_MOF_mof-319b7a9f.cif,"['O=C(O)c1cc(cc(c1)C(=O)O)C1=NC=CO1', 'O=C(O)c1cc(cc(c1)C(=O)O)C1=CC=CC=C1']",['N#CC1=CC=CC(=C1)C2=CC=C(C#N)C=C2'],True,True,0.1120396478204828
/home/x-sappana/MOFScientist/log/run_2/assembled_mofs,example_MOF_mof-d86936ee.cif,"['O=C(O)c1cc(cc(c1)C(=O)O)C1=NC=CO1', 'O=C(O)c1ccc(cc1C(=O)O)C1=NN=NN1']",['N#CC1=CC=CC(=C1)C2=CC=C(C#N)C=C2'],False,False,
/home/x-sappana/MOFScientist/log/run_2/assembled_mofs,example_MOF_mof-a6e6b205.cif,"['O=C(O)c1cc(cc(c1)C(=O)O)C1=NC=CO1', 'O=C(O)c1ccc(cc1C(=O)O)SC#N']",['N#CC1=CC=CC(=C1)C2=CC=C(C#N)C=C2'],False,False,
/home/x-sappana/MOFScientist/log/run_2/assembled_mofs,example_MOF_mof-dbc1fb23.cif,"['O=C(O)c1cc(cc(c1)C(=O)O)C1=NC=CO1', 'O=C(O)c1ccc(cc1C(=O)O)C1=CC=NC=C1']",['N#CC1=CC=CC(=C1)C2=CC=C(C#N)C=C2'],False,False,
/home/x-sappana/MOFScientist/log/run_2/assembled_mofs,example_MOF_mof-511296dd.cif,"['O=C(O)c1cc(cc(c1)C(=O)O)C1=NC=CO1', 'O=C(O)c1cc(cc(c1)C(=O)O)NC(=O)C']",['N#CC1=CC=CC(=C1)C2=CC=C(C#N)C=C2'],False,False,
/home/x-sappana/MOFScientist/log/run_2/assembled_mofs,example_MOF_mof-59dc556e.cif,"['O=C(O)c1cc(cc(c1)C(=O)O)C1=NC=CO1', 'O=C(O)c1cc(ccc1C(=O)O)N(=O)=O']",['N#CC1=CC=CC(=C1)C2=CC=C(C#N)C=C2'],False,False,
/home/x-sappana/MOFScientist/log/run_2/assembled_mofs,example_MOF_mof-6c84dfe3.cif,"['O=C(O)c1cc(cc(c1)C(=O)O)C1=NC=CO1', 'O=C(O)c1cc(cc(c1)C(=O)O)C#CC#C']",['N#CC1=CC=CC(=C1)C2=CC=C(C#N)C=C2'],False,False,
/home/x-sappana/MOFScientist/log/run_2/assembled_mofs,example_MOF_mof-2c3f246a.cif,"['O=C(O)c1cc(cc(c1)C(=O)O)C1=NC=CO1', 'O=C(O)c1cc(ccc1C(=O)O)OC']",['N#CC1=CC=CC(=C1)C2=CC=C(C#N)C=C2'],False,False,
/home/x-sappana/MOFScientist/log/run_2/assembled_mofs,example_MOF_mof-eb5cc430.cif,"['O=C(O)c1cc(cc(c1)C(=O)O)C1=NC=CO1', 'O=C(O)c1cc(cc(c1)C(=O)O)C(F)(F)F']",['N#CC1=CC=CC(=C1)C2=CC=C(C#N)C=C2'],True,True,0.1553883122873861
/home/x-sappana/MOFScientist/log/run_2/assembled_mofs,example_MOF_mof-70442069.cif,"['O=C(O)c1cc(cc(c1)C(=O)O)C1=NC=CO1', 'O=C(O)c1cc(cc(c1)C(=O)O)C1=NC=CO1']",['N#CC1=CC=CC(=C1)C2=CC=C(C#N)C=C2'],True,False,
/home/x-sappana/MOFScientist/log/run_2/assembled_mofs,example_MOF_mof-2a33d2f7.cif,"['O=C(O)c1cc(cc(c1)C(=O)O)C1=NC=CO1', 'O=C(O)c1ccc(cc1C(=O)O)NC(=S)N']",['N#CC1=CC=CC(=C1)C2=CC=C(C#N)C=C2'],False,False,
/home/x-sappana/MOFScientist/log/run_2/assembled_mofs,example_MOF_mof-43c4f367.cif,"['O=C(O)c1ccc(cc1C(=O)O)NC(=S)N', 'O=C(O)c1cc(cc(c1)C(=O)O)C1CC1']",['N#CC1=CC=CC(=C1)C2=CC=C(C#N)C=C2'],False,False,
/home/x-sappana/MOFScientist/log/run_2/assembled_mofs,example_MOF_mof-d0a72f6c.cif,"['O=C(O)c1cc(cc(c1)C(=O)O)C1=NC=CO1', 'O=C(O)c1cc(cc(c1)C(=O)O)C1CCCCC1']",['N#CC1=CC=CC(=C1)C2=CC=C(C#N)C=C2'],True,True,0.13216311762998673
/home/x-sappana/MOFScientist/log/run_2/assembled_mofs,example_MOF_mof-8f623362.cif,"['O=C(O)c1ccc(cc1C(=O)O)NC(=S)N', 'O=C(O)c1cc(cc(c1)C(=O)O)C1=CC=CC=C1']",['N#CC1=CC=CC(=C1)C2=CC=C(C#N)C=C2'],False,False,
/home/x-sappana/MOFScientist/log/run_2/assembled_mofs,example_MOF_mof-49802549.cif,"['O=C(O)c1ccc(cc1C(=O)O)NC(=S)N', 'O=C(O)c1ccc(cc1C(=O)O)C1=NN=NN1']",['N#CC1=CC=CC(=C1)C2=CC=C(C#N)C=C2'],False,False,
/home/x-sappana/MOFScientist/log/run_2/assembled_mofs,example_MOF_mof-31bda0ad.cif,"['O=C(O)c1ccc(cc1C(=O)O)NC(=S)N', 'O=C(O)c1ccc(cc1C(=O)O)C1=CC=NC=C1']",['N#CC1=CC=CC(=C1)C2=CC=C(C#N)C=C2'],False,False,
/home/x-sappana/MOFScientist/log/run_2/assembled_mofs,example_MOF_mof-ba8ea0b7.cif,"['O=C(O)c1ccc(cc1C(=O)O)NC(=S)N', 'O=C(O)c1ccc(cc1C(=O)O)SC#N']",['N#CC1=CC=CC(=C1)C2=CC=C(C#N)C=C2'],False,False,
/home/x-sappana/MOFScientist/log/run_2/assembled_mofs,example_MOF_mof-99e79f58.cif,"['O=C(O)c1ccc(cc1C(=O)O)NC(=S)N', 'O=C(O)c1cc(ccc1C(=O)O)N(=O)=O']",['N#CC1=CC=CC(=C1)C2=CC=C(C#N)C=C2'],False,False,
/home/x-sappana/MOFScientist/log/run_2/assembled_mofs,example_MOF_mof-f8d06b4b.cif,"['O=C(O)c1ccc(cc1C(=O)O)NC(=S)N', 'O=C(O)c1cc(cc(c1)C(=O)O)NC(=O)C']",['N#CC1=CC=CC(=C1)C2=CC=C(C#N)C=C2'],False,False,
/home/x-sappana/MOFScientist/log/run_2/assembled_mofs,example_MOF_mof-56d99528.cif,"['O=C(O)c1ccc(cc1C(=O)O)NC(=S)N', 'O=C(O)c1cc(cc(c1)C(=O)O)C#CC#C']",['N#CC1=CC=CC(=C1)C2=CC=C(C#N)C=C2'],False,False,
/home/x-sappana/MOFScientist/log/run_2/assembled_mofs,example_MOF_mof-63546767.cif,"['O=C(O)c1ccc(cc1C(=O)O)NC(=S)N', 'O=C(O)c1cc(ccc1C(=O)O)OC']",['N#CC1=CC=CC(=C1)C2=CC=C(C#N)C=C2'],False,False,
/home/x-sappana/MOFScientist/log/run_2/assembled_mofs,example_MOF_mof-bdf16489.cif,"['O=C(O)c1ccc(cc1C(=O)O)NC(=S)N', 'O=C(O)c1cc(cc(c1)C(=O)O)C(F)(F)F']",['N#CC1=CC=CC(=C1)C2=CC=C(C#N)C=C2'],False,False,
/home/x-sappana/MOFScientist/log/run_2/assembled_mofs,example_MOF_mof-94262848.cif,"['O=C(O)c1ccc(cc1C(=O)O)NC(=S)N', 'O=C(O)c1ccc(cc1C(=O)O)NC(=S)N']",['N#CC1=CC=CC(=C1)C2=CC=C(C#N)C=C2'],False,False,
/home/x-sappana/MOFScientist/log/run_2/assembled_mofs,example_MOF_mof-62dd0bbb.cif,"['O=C(O)c1ccc(cc1C(=O)O)NC(=S)N', 'O=C(O)c1cc(cc(c1)C(=O)O)C1=NC=CO1']",['N#CC1=CC=CC(=C1)C2=CC=C(C#N)C=C2'],False,False,
/home/x-sappana/MOFScientist/log/run_2/assembled_mofs,example_MOF_mof-2af5e09c.cif,"['O=C(O)c1ccc(cc1C(=O)O)NC(=S)N', 'O=C(O)c1cc(cc(c1)C(=O)O)C1CCCCC1']",['N#CC1=CC=CC(=C1)C2=CC=C(C#N)C=C2'],False,False,
/home/x-sappana/MOFScientist/log/run_2/assembled_mofs,example_MOF_mof-82a7df21.cif,"['O=C(O)c1cc(cc(c1)C(=O)O)C1CCCCC1', 'O=C(O)c1cc(cc(c1)C(=O)O)C1CC1']",['N#CC1=CC=CC(=C1)C2=CC=C(C#N)C=C2'],True,False,
/home/x-sappana/MOFScientist/log/run_2/assembled_mofs,example_MOF_mof-6711d2a1.cif,"['O=C(O)c1cc(cc(c1)C(=O)O)C1CCCCC1', 'O=C(O)c1cc(cc(c1)C(=O)O)C1=CC=CC=C1']",['N#CC1=CC=CC(=C1)C2=CC=C(C#N)C=C2'],True,True,0.11350822138216504
/home/x-sappana/MOFScientist/log/run_2/assembled_mofs,example_MOF_mof-d5e63b8d.cif,"['O=C(O)c1cc(cc(c1)C(=O)O)C1CCCCC1', 'O=C(O)c1ccc(cc1C(=O)O)C1=NN=NN1']",['N#CC1=CC=CC(=C1)C2=CC=C(C#N)C=C2'],False,False,
/home/x-sappana/MOFScientist/log/run_2/assembled_mofs,example_MOF_mof-0e9202fd.cif,"['O=C(O)c1cc(cc(c1)C(=O)O)C1CCCCC1', 'O=C(O)c1ccc(cc1C(=O)O)C1=CC=NC=C1']",['N#CC1=CC=CC(=C1)C2=CC=C(C#N)C=C2'],False,False,
/home/x-sappana/MOFScientist/log/run_2/assembled_mofs,example_MOF_mof-0d93be93.cif,"['O=C(O)c1cc(cc(c1)C(=O)O)C1CCCCC1', 'O=C(O)c1ccc(cc1C(=O)O)SC#N']",['N#CC1=CC=CC(=C1)C2=CC=C(C#N)C=C2'],False,False,
/home/x-sappana/MOFScientist/log/run_2/assembled_mofs,example_MOF_mof-5ab1bdef.cif,"['O=C(O)c1cc(cc(c1)C(=O)O)C1CCCCC1', 'O=C(O)c1cc(cc(c1)C(=O)O)NC(=O)C']",['N#CC1=CC=CC(=C1)C2=CC=C(C#N)C=C2'],False,False,
/home/x-sappana/MOFScientist/log/run_2/assembled_mofs,example_MOF_mof-3a7e0671.cif,"['O=C(O)c1cc(cc(c1)C(=O)O)C1CCCCC1', 'O=C(O)c1cc(ccc1C(=O)O)N(=O)=O']",['N#CC1=CC=CC(=C1)C2=CC=C(C#N)C=C2'],False,False,
/home/x-sappana/MOFScientist/log/run_2/assembled_mofs,example_MOF_mof-b51b14e9.cif,"['O=C(O)c1cc(cc(c1)C(=O)O)C1CCCCC1', 'O=C(O)c1cc(cc(c1)C(=O)O)C#CC#C']",['N#CC1=CC=CC(=C1)C2=CC=C(C#N)C=C2'],False,False,
/home/x-sappana/MOFScientist/log/run_2/assembled_mofs,example_MOF_mof-1b7971fa.cif,"['O=C(O)c1cc(cc(c1)C(=O)O)C1CCCCC1', 'O=C(O)c1cc(ccc1C(=O)O)OC']",['N#CC1=CC=CC(=C1)C2=CC=C(C#N)C=C2'],False,False,
/home/x-sappana/MOFScientist/log/run_2/assembled_mofs,example_MOF_mof-39a43dec.cif,"['O=C(O)c1cc(cc(c1)C(=O)O)C1CCCCC1', 'O=C(O)c1cc(cc(c1)C(=O)O)C(F)(F)F']",['N#CC1=CC=CC(=C1)C2=CC=C(C#N)C=C2'],True,True,0.1317263904585405
/home/x-sappana/MOFScientist/log/run_2/assembled_mofs,example_MOF_mof-ac32b00c.cif,"['O=C(O)c1cc(cc(c1)C(=O)O)C1CCCCC1', 'O=C(O)c1cc(cc(c1)C(=O)O)C1=NC=CO1']",['N#CC1=CC=CC(=C1)C2=CC=C(C#N)C=C2'],True,True,0.08538728406782149
/home/x-sappana/MOFScientist/log/run_2/assembled_mofs,example_MOF_mof-5f8df55f.cif,"['O=C(O)c1cc(cc(c1)C(=O)O)C1CCCCC1', 'O=C(O)c1ccc(cc1C(=O)O)NC(=S)N']",['N#CC1=CC=CC(=C1)C2=CC=C(C#N)C=C2'],False,False,
/home/x-sappana/MOFScientist/log/run_2/assembled_mofs,example_MOF_mof-daa2af0d.cif,"['O=C(O)c1cc(cc(c1)C(=O)O)C1CCCCC1', 'O=C(O)c1cc(cc(c1)C(=O)O)C1CCCCC1']",['N#CC1=CC=CC(=C1)C2=CC=C(C#N)C=C2'],True,True,0.11502989264616875
